CITY,STATE,COUNTRY,LATITUDE,LONGITUDE,port_id,nearest_route_id,distance_to_route_km
Lombok Strait,West Nusa Tenggara,Indonesia,-8.75,115.72,1928,1,0.0007238810913471925
Ratnagiri,Maharashtra,India,17.53,73.14,812,0,0.15279030217025624
Empire,Louisiana,U.S.A.,29.39,-89.6,1013,1,0.2146158237560511
Pengerang,Johor,Malaysia,1.37,104.12,2562,1,0.23170168224523766
Saipan,Northern Mariana Islands,Northern Mariana Is.,15.29,145.71,3020,2,0.2703266205381358
Belanak Marine Terminal,Riau Islands,Indonesia,4.22,106.2,365,0,0.27463108318935747
Balikpapan,East Kalimantan,Indonesia,4.07,106.41,3644,0,0.3754332370992089
Pattaya,Chonburi,Thailand,11.32,101.25,1566,1,0.3826893618893648
Na Kluea,Chon Buri,Thailand,11.32,101.25,1565,1,0.3826893618893648
Duba,Tabuk,Saudi Arabia,27.32,35.74,937,0,0.4069312511342782
Kimitsu,Chiba,Japan,35.36,139.85,1712,1,0.45833558763392057
Taboguilla Island,Panama,Panama,8.81,-79.52,3417,0,0.4655964430721895
Taboguilla Island,Panamá Province,Panama,8.81,-79.52,3418,0,0.4655964430721895
Colón,Colón,Panama,9.39,-79.92,743,0,0.5031603347598579
Panama City,Panama,Panama,9.39,-79.92,2517,0,0.5031603347598579
Çanakkale,Çanakkale,Turkey,40.15,26.4,581,1,0.5038012173950638
Duba,Tabuk Province,Saudi Arabia,27.32,35.73,936,0,0.5992114920809005
Dondra,Southern Province,Sri Lanka,5.71,80.59,898,0,0.9516582403703625
Onne,Rivers State,Nigeria,4.05,7.78,2371,1,0.9919756493175487
Kawasaki,Kanagawa,Japan,35.47,139.77,1669,1,1.01386329000904
Jaigad,Maharashtra,India,17.3,73.23,1559,0,1.086619882455985
Kawasaki,Kanagawa,Japan,35.48,139.79,3575,1,1.1283075145756423
Mona Passage,Puerto Rico,Unassigned,18.08,-68.23,2158,0,1.217992299914098
Cristobal,Colón,Panama,9.35,-79.92,797,0,1.2226234002387204
Colon,Colon,Panama,9.35,-79.92,746,0,1.2226234002387204
A Coruña,Galicia,Spain,42.88,-9.95,1099,1,1.2434162484159048
Lamma Island,Hong Kong,China,22.22,114.1,1845,2,1.2520277210127937
Cape Henry,Virginia,U.S.A.,36.5,-75.17,2381,2,1.3844852686815723
Vatika,Laconia,Greece,36.5,23.05,3690,1,1.3922899939941131
Singapore,Singapore,Singapore,1.19,103.79,3192,2,1.5152232739627165
Singapore,Singapore,Singapore,1.24,103.41,3230,0,1.6943467003334505
Hong Kong,Hong Kong,China,22.45,114.24,3571,1,1.7365762207672666
Buras,Louisiana,U.S.A.,29.36,-89.53,528,1,1.7955831106455618
Rondo,Aceh,Indonesia,6.27,95.11,2973,1,1.831305573064339
Dover,England,U.K.,51.12,1.34,919,0,1.954367948242156
Sing,Singapore,Singapore,1.2,103.83,3297,2,2.0826937812631177
Pilottown,Louisiana,U.S.A.,29.17,-89.26,2591,1,2.2546831617506955
Guangzhou,Guangdong,China,21.29,114.88,3821,2,2.30320370813503
Coco Solo,Colón,Panama,9.37,-79.89,736,0,2.3450760611425334
Manzanillo,Colón,Panama,9.37,-79.89,2030,0,2.3450760611425334
Futtsu,Chiba,Japan,35.34,139.82,1166,1,2.4124231621341616
Ostrica,Louisiana,U.S.A.,29.36,-89.52,2482,1,2.5047547371757126
Rio De La Plata,Buenos Aires,Argentina,-36.1,-56.63,665,1,2.511925678211508
Pulau Merlimau,Singapore,Singapore,1.39,103.97,2831,1,2.590434244354108
Singapore,Singapore,Singapore,1.39,103.97,1952,1,2.590434244354108
Køge,Region Zealand,Denmark,55.46,12.2,1745,0,2.8230834074975335
Marsaxlokk,Malta,Malta,35.82,14.53,2054,0,2.909518237260855
Karwar,Karnataka,India,14.81,74.12,1660,0,2.9483261371247336
Baitkal,Karnataka,India,14.81,74.12,243,0,2.9483261371247336
Singapore,Singapore,Singapore,1.21,103.38,3231,0,2.9546940472874144
Plaquemines Parish,Louisiana,U.S.A.,29.48,-89.68,2607,1,2.9792516207358726
Port Sulphur,Louisiana,U.S.A.,29.48,-89.68,2720,1,2.9792516207358726
Colón,Colón,Panama,9.36,-79.89,744,0,3.0670291331438833
Humble Oil Loading Dock,Mississippi,U.S.A.,29.49,-89.7,1486,1,3.1166922813712783
Dhuba,Tabuk,Saudi Arabia,27.56,35.54,875,0,3.2536696314673765
Duba,Tabuk,Saudi Arabia,27.56,35.54,938,0,3.2536696314673765
Pointe Limboh,Littoral,Cameroon,3.98,9.13,2623,1,3.2701833537661114
Cape Limboh,Southwest,Cameroon,3.98,9.13,603,1,3.2701833537661114
Limbe,Southwest,Cameroon,3.98,9.13,596,1,3.2701833537661114
Pulau Sambu,Riau Islands,Indonesia,1.16,103.9,2832,2,3.279601568358162
Kawasaki,Kanagawa,Japan,35.5,139.75,1417,1,3.4307445052105168
Gresik,East Java,Indonesia,-7.19,115.79,3163,1,3.5016349350848306
Pennington,Bayelsa,Nigeria,4.22,5.58,2564,1,3.5091011394799017
Batam,Riau Islands,Indonesia,1.17,104.0,332,2,3.518865736781304
Karwar,Karnataka,India,14.77,74.14,1661,0,3.5890014187022223
Singapore,Singapore,Singapore,1.21,103.8,2833,2,3.5913448772854166
Kisarazu,Chiba,Japan,35.37,139.88,1727,1,3.6086331239891174
Offshore Delaware No.2,Delaware,U.S.A.,38.33,-73.75,2392,0,3.8368540673319647
Marghera,Veneto,Italy,36.56,14.64,3692,1,3.8530234972124946
Tokyo,Tokyo Prefecture,Japan,35.6,139.77,3568,1,3.856508046105748
Kapolei,Hawaii,U.S.A.,21.27,-158.09,299,2,3.8978367121011788
Las Salinas Terminal,Valparaíso,Chile,-33.0,-71.57,1862,2,3.9919446149819975
Tianshui,Gansu,China,30.67,122.42,1997,2,3.9925716792884263
Sunda Strait,Lampung.,Indonesia,-5.9,105.81,3384,1,3.995136133827186
Takoradi,Western Region,Ghana,4.6,-2.89,1604,1,4.132012780198925
Pilottown,Louisiana,U.S.A.,29.19,-89.26,2592,1,4.220263924974288
Rosario,La Union,Philippines,14.44,120.82,2978,2,4.226158936336304
Kawasaki,Kanagawa,Japan,35.47,139.74,2437,1,4.349749968120118
Pulau Tekong,Singapore,Singapore,1.42,104.01,2834,1,4.488342614980076
Singapore,Central Singapore,Singapore,1.23,103.89,968,2,4.591852438479386
Tsa,Malacca,Malaysia,4.25,100.0,2329,0,4.607228803078824
Nipah Anchorage,Riau Islands,Indonesia,1.12,103.63,2304,0,4.705417064190124
St John's,Newfoundland,Canada,47.57,-52.69,3329,0,4.773588717521867
Zhuhai,Guangdong,China,30.81,122.63,1961,1,4.853329676177054
Port Said,Egypt,Egypt,31.42,32.4,2713,0,4.886029263911718
Çanakkale,Çanakkale Province,Turkey,40.03,26.12,840,1,4.9589409202765715
Port Harcourt,Rivers State,Nigeria,4.03,7.28,2447,1,4.965378662300573
Horta,Azores,Portugal,38.53,-28.62,1457,1,5.153235501579794
Bassfield,Mississippi,U.S.A.,29.46,-89.62,2940,1,5.263103989812191
Karimun Besar,Riau Islands,Indonesia,1.08,103.53,2415,0,5.306151679994015
St John's,Newfoundland and Labrador,Canada,47.56,-52.33,3326,0,5.311987647247098
Taiwan,Taiwan,Taiwan,23.51,119.87,3434,1,5.395913193479064
Brass,Bayelsa,Nigeria,4.09,6.32,479,1,5.446899896180717
Gibraltar,Gibraltar,Gibraltar,35.95,-5.62,1220,0,5.481739579947909
Singapore,Singapore,Singapore,1.31,104.03,655,1,5.653295356164927
Venice,Louisiana,U.S.A.,29.45,-89.6,339,1,5.696004304719711
Yokohama,Kanagawa,Japan,35.45,139.73,3854,1,5.7019325891006725
Offshore Delaware,Delaware,U.S.A.,38.5,-74.5,2393,2,5.718516835209438
Papeete,French Polynesia,Tahiti,-17.54,-149.57,2524,2,5.787410667761329
Bonny,Rivers State,Nigeria,4.13,7.24,445,1,5.871326565107697
Venice,California,U.S.A.,29.28,-89.36,3697,1,5.978410525637172
Singapore,Singapore,Singapore,1.2,103.66,3781,2,6.018529415820008
Victoria,Southwest,Cameroon,4.0,9.2,3704,1,6.019225529615006
Limbe,Southwest,Cameroon,4.0,9.2,1900,1,6.019225529615006
Bahía Las Minas,Colón,Panama,9.4,-79.82,236,0,6.167214080883693
Colón,Colón,Panama,9.4,-79.82,2807,0,6.167214080883693
Singapore,Singapore,Singapore,1.29,104.33,3228,2,6.184383885557975
Selat Linggi,Malacca,Malaysia,2.29,101.97,3146,0,6.195833376591398
National City,California,U.S.A.,32.7,-117.17,2255,1,6.216630465112947
San Diego,California,U.S.A.,32.7,-117.17,3054,1,6.216630465112947
Kawasaki,Kanagawa,Japan,35.46,139.72,2438,1,6.547454359871566
Isla Verde,Canary Islands,Spain,36.12,-5.43,1545,1,6.560600557670497
Gibraltar,Gibraltar,Gibraltar,36.13,-5.36,1218,0,6.576548715944719
Balboa,Panama,Panama,8.97,-79.57,251,1,6.583836864009148
Tanjung Langsat,Johor,Malaysia,1.44,104.01,3474,1,6.618753232693883
Yokosuka,Kanagawa,Japan,35.28,139.68,3855,0,6.676288946669169
Dai Hung,Quang Nam,Vietnam,8.87,103.3,820,2,6.694764079232822
Kabil,Riau Islands,Indonesia,1.07,104.14,1612,0,6.855467966186861
Sekupang,Riau Islands,Indonesia,1.13,103.92,3144,2,6.864307122999734
Singapore,Singapore,Singapore,1.26,103.96,969,2,6.966594580860408
Offshore Sing No. 5,"Malaysia does not provide enough specific information to identify a city and state. Without additional context, I am unable to determine a revised location in the exact format 'City, State'.",Malaysia,1.28,104.12,2427,2,7.025967519401335
Wadi Firan,South Sinai,Egypt,28.73,33.18,3744,0,7.091649167857867
Panama City,Panama,Panama,8.95,-79.57,2972,1,7.272950929746094
Balboa,Panamá,Panama,8.95,-79.57,250,1,7.272950929746094
Singapore,Singapore,Singapore,1.23,103.69,3227,2,7.293114261471258
Bukom Island,Singapore,Singapore,1.24,103.77,2828,2,7.310599992258788
Valletta,Malta,Malta,35.9,14.52,2012,0,7.342337620506969
Gibraltar,Gibraltar,Gibraltar,36.13,-5.38,2403,1,7.438000215355683
Jurong Island,Singapore,Singapore,1.23,103.68,3726,2,7.570865365694026
Singapore,Singapore,Singapore,1.24,103.75,2829,2,7.579507577359423
Gulfmex No 20,Texas,U.S.A.,28.5,-89.5,1318,0,7.610448819097966
Algeciras,Cádiz,Spain,36.13,-5.43,81,1,7.933305288698837
Vicksburg,Mississippi,U.S.A.,29.3,-89.36,1215,1,7.946104469568104
Mangalore,Karnataka,India,12.93,74.82,2277,0,8.018923367203508
Çanakkale,Çanakkale Province,Turkey,40.01,26.13,839,1,8.067469944200484
Gibraltar,Gibraltar,Gibraltar,35.92,-5.6,1219,0,8.110566295314038
Dabhol,Maharashtra,India,17.53,73.06,813,0,8.287336060268906
Ebok,Akwa Ibom,Nigeria,4.09,8.17,974,1,8.355716643527735
Melones Island,Panama,Panama,8.83,-79.61,2092,0,8.441553981100984
Port Harcourt,Rivers State,Nigeria,3.98,7.56,3850,1,8.443388520472958
Singapore,Singapore,Singapore,1.26,103.85,3467,2,8.445586298914234
Duvic,Mississippi,U.S.A.,29.32,-89.38,962,1,8.495840643123957
Singapore,Singapore,Singapore,1.26,103.84,1679,2,8.580040091464214
Singapore,Singapore,Singapore,1.32,104.33,3229,1,8.582835454315052
Singapore,Singapore,Singapore,1.26,103.83,1680,2,8.714493884014644
Mormugao,Goa,India,15.41,73.8,2175,0,8.738826508617551
Singapore,Singapore,Singapore,1.26,103.82,3161,2,8.848947676565077
Molu Passage,Indonesia,Indonesia,-6.58,132.35,185,1,8.914057360990572
Singapore,Singapore,Singapore,1.26,103.81,3466,2,8.98340146911528
Sungai Linggi,Negeri Sembilan,Malaysia,2.3,102.0,3390,0,9.017041569954825
Linggi,Negeri Sembilan,Malaysia,2.3,102.0,1908,0,9.017041569954825
Singapore,Singapore,Singapore,1.67,104.5,2429,1,9.08485516119733
Singapore,Singapore,Singapore,1.26,103.8,3232,2,9.117855261665708
Tanjung Uban,Riau Islands,Indonesia,1.07,104.21,3483,0,9.134157798225448
PanPac - Pacific Lightering Area,Panama,Panama,6.0,-79.67,2521,2,9.18651290446981
Tanjung Tuan,Malacca,Malaysia,1.67,102.62,2328,0,9.196814425539658
Old Bahama Channel,Unassigned,Unassigned,22.6,-78.1,2453,1,9.199444608506676
Jurong Island,Singapore,Singapore,1.25,103.71,3734,2,9.222628966404894
Recife,Pernambuco,Brazil,-8.05,-34.86,2922,1,9.230506795322444
Tsugaru,Aomori,Japan,41.64,140.95,3625,0,9.2433879971958
Honolulu,Hawaii,U.S.A.,21.31,-157.88,1448,2,9.277275686338939
Pasir Gudang,Johor,Malaysia,1.43,103.89,2540,1,9.446564822635214
Johor Bahru,Johor,Malaysia,1.43,103.89,1591,1,9.446564822635214
Singapore,Singapore,Singapore,1.25,103.69,1454,2,9.492760842027897
Tsing Yi,New Territories,China,22.29,114.17,3615,2,9.635736476369319
Kowloon,Hong Kong SAR,China,22.29,114.17,3842,2,9.635736476369319
Hong Kong,Hong Kong SAR,China,22.29,114.17,1444,2,9.635736476369319
Tap Shek Kok,Guangdong,China,22.29,114.17,3489,2,9.635736476369319
Kwun Tong,Hong Kong,China,22.29,114.17,1807,2,9.635736476369319
Lamma Island,Hong Kong,China,22.29,114.17,1846,2,9.635736476369319
Tuen Mun,Hong Kong,China,22.29,114.17,3624,2,9.635736476369319
Hong Kong,Hong Kong,China,22.29,114.17,3359,2,9.635736476369319
Chai Wan,Hong Kong,China,22.29,114.17,647,2,9.635736476369319
Balintang Channel,Ilocos Region,Philippines,19.88,121.87,255,0,9.665856742961974
Singapore,Singapore,Singapore,1.23,103.55,2428,0,9.677187027125601
Chios,North Aegean,Greece,38.37,26.14,696,1,9.722615590403418
Dai Hung Field,Vietnam,Vietnam,8.47,108.69,821,0,9.740664831489445
Da Nang,Da Nang,Vietnam,8.47,108.69,819,0,9.740664831489445
Singapore,Singapore,Singapore,1.27,103.83,478,2,9.819808555300682
Osumi,Kagoshima,Japan,30.9,130.78,2484,0,9.879056165863878
Ponta Delgada,Azores,Azores,37.74,-25.66,2636,1,9.971139858640672
Gibraltar,Gibraltar,Gibraltar,36.15,-5.38,3695,0,10.060368003513876
Valparaíso,Valparaíso,Chile,-33.03,-71.63,3673,2,10.099267712142318
Bonny,Rivers State,Nigeria,4.19,6.92,2378,1,10.16560249303566
Tianjin,Tianjin,China,38.95,117.87,3545,0,10.527733128216186
Ima,Akwa Ibom,Nigeria,4.16,7.43,1506,1,10.629706745250564
Rio de Janeiro,Rio de Janeiro,Brazil,-22.89,-43.2,2949,1,10.753774639683598
River Plate Lightering Areas,Buenos Aires.,Argentina,-35.12,-56.0,2957,0,10.852960521942645
Recalada,Buenos Aires,Argentina,-35.12,-56.0,2920,0,10.852960521942645
Alpha Zone,Tsa,Argentina,-35.12,-56.0,93,0,10.852960521942645
Zafiro Offshore Terminal,Equatorial Guinea,Equatorial Guinea,3.92,8.11,3873,1,11.019927569726958
Hakodate,Hokkaido,Japan,41.79,140.71,1340,0,11.058168932334196
Yokohama,Kanagawa,Japan,35.45,139.68,3853,1,11.12892671379979
Sungai Udang,Melaka,Malaysia,2.24,102.12,3392,0,11.154935597348206
Tanjung Bruas,Melaka,Malaysia,2.22,102.15,3471,0,11.232115593314283
Tsing Yi,Hong Kong,China,22.33,114.1,3614,2,11.38286471883766
Port Kennedy,Western Australia,Australia,-10.51,142.21,2687,1,11.38922965175726
Bohemia,New York,U.S.A.,29.54,-89.76,431,1,11.48110614797305
Ras Budran,South Sinai,Egypt,28.93,33.13,2906,0,11.595978952495702
Frederikshavn,North Denmark Region,Denmark,57.5,10.83,2396,0,11.772544744487114
Rio de Janeiro,Rio de Janeiro,Brazil,-22.88,-43.2,2948,1,11.794486826456872
Singapore,Singapore,Singapore,1.28,103.76,2541,2,11.866304051213657
Dondra Head,Southern Province,Sri Lanka,5.81,80.59,899,0,11.881231281890667
Singapore,Singapore,Singapore,1.22,103.6,3780,0,11.940516384200446
Bonny,Rivers State,Nigeria,4.0,6.78,2380,1,12.0360890790847
Izmir,Izmir,Turkey,38.45,27.15,1553,1,12.055349517704126
Kakap Natuna Marine Terminal,Riau Islands,Indonesia,5.01,105.81,1619,2,12.10676017082213
Old Bahama Channel,Unassigned,Unassigned,22.57,-78.1,2454,1,12.21821270599636
Kingston,Jamaica,Jamaica,17.98,-76.83,1719,1,12.257880229949045
Port Bustamente,Jamaica,Jamaica,17.98,-76.83,2660,1,12.257880229949045
Kwai Chung,Hong Kong,China,22.33,114.13,1799,2,12.309078617414947
Gibraltar,Gibraltar,Gibraltar,36.13,-5.0,2404,0,12.47409516518163
Cabo San Antonio,Buenos Aires,Argentina,-36.04,-56.57,548,1,12.59666287643366
Rio De La Plata,Buenos Aires,Argentina,-36.04,-56.57,666,1,12.59666287643366
Red Sea,Southern State,Unassigned,12.62,43.37,2925,0,12.613440685520542
South Sabine,Texas,U.S.A.,28.62,-93.37,3287,0,12.733932734390995
Rang Dong,Nam Dinh,Vietnam,10.02,108.25,2895,2,12.763996580994453
Vũng Tàu,Bà Rịa-Vũng Tàu,Vietnam,10.02,108.25,2896,2,12.763996580994453
Penglai,Shandong,China,38.37,120.08,430,0,12.78113757576708
Cinta,East Kalimantan,Indonesia,-5.45,106.18,714,1,12.805735469329873
Tianjin,Tianjin,China,38.94,117.81,3546,0,12.823527168406725
Huelva,Andalusia,Spain,36.17,-5.4,642,1,13.128691130059925
Yokosuka,Kanagawa,Japan,35.4,139.63,2261,0,13.162113403906275
Cakerawala Marine Terminal,Terengganu,Malaysia,7.13,103.1,557,1,13.166362637527206
Algeciras,Andalusia,Spain,36.17,-5.41,641,1,13.227752144728552
Singapore,Singapore,Singapore,1.29,103.73,3733,2,13.374988687403357
Singapore,Singapore,Singapore,1.29,103.72,3307,2,13.509442479953787
Shanghai,Shanghai,China,31.08,122.34,657,1,13.534249219992356
Jurong Island,Singapore,Singapore,1.29,103.71,3308,2,13.643896272504216
Yantian,Guangdong,China,22.56,114.26,3839,1,13.872263842814885
Malacca,Melaka,Malaysia,2.19,102.24,2001,0,14.207689128639869
Ramsgate,Kent,U.K.,51.33,1.42,2892,0,14.232711100200829
Skagen,North Denmark Region,Denmark,57.9,10.62,3242,0,14.328806893747231
Limay,Bataan,Philippines,14.52,120.64,1899,2,14.675191758343573
Bataan,Central Luzon,Philippines,14.52,120.64,327,2,14.675191758343573
Port Royal,Kingston,Jamaica,17.94,-76.84,2711,1,14.796717436815959
Mar del Plata,Buenos Aires,Argentina,-38.04,-57.53,2036,1,14.906588333834337
Jakarta,Java,Indonesia,5.19,105.61,132,2,14.953940696199663
North Sydney,New South Wales,Australia,-33.85,151.21,387,1,15.03161891745305
White Bay,New South Wales,Australia,-33.85,151.21,3792,1,15.03161891745305
Sydney,New South Wales,Australia,-33.85,151.21,256,1,15.03161891745305
Sydney,N.S.W.,Australia,-33.85,151.21,3413,1,15.03161891745305
Snail's Bay,New South Wales,Australia,-33.85,151.21,3256,1,15.03161891745305
Cherbourg,Queensland,Australia,-33.85,151.21,1246,1,15.03161891745305
Balmain,New South Wales,Australia,-33.85,151.21,258,1,15.03161891745305
Offshore Malta No.1 TSA,Malta,Malta,35.9,14.77,2420,0,15.039606599183205
Hong Kong,Hong Kong SAR,China,21.9,114.58,2409,0,15.045582053838364
Tanger,Tanger-Tetouan-Al Hoceima,Morocco,35.89,-5.5,3461,0,15.072241181594029
Vinh Thai,Quang Tri,Vietnam,10.39,107.09,3714,2,15.132259882568984
Vung Tau,Ba Ria-Vung Tau,Vietnam,10.39,107.09,633,2,15.132259882568984
Truong Sa,Khanh Hoa,Vietnam,10.39,107.09,3611,2,15.132259882568984
Singapore,Singapore,Singapore,1.3,103.68,1607,2,15.163876146738653
Little Aden,Aden Governorate,Yemen,12.77,44.92,1912,0,15.183443776672771
Aden,Aden Governorate,Yemen,12.77,44.92,30,0,15.183443776672771
Ain Sukhna,Suez,Egypt,29.77,32.6,2372,0,15.187766471966627
Dover,England,U.K.,51.03,1.38,918,0,15.343091602686645
Linapacan,Palawan,Philippines,11.82,119.11,3774,1,15.41423410286521
Massongo,Cameroon,Cameroon,4.13,8.52,2063,1,15.421245035824894
Moudi,Littoral,Cameroon,4.13,8.52,2182,1,15.421245035824894
Champ Moudi,Extreme-North,Cameroon,4.13,8.52,651,1,15.421245035824894
Port Dickson,Negeri Sembilan,Malaysia,2.53,101.77,2665,0,15.440509182140726
Mariveles,Bataan,Philippines,14.43,120.49,2044,2,15.556904070730353
Delta Zone,Tacuarembó,Uruguay,-35.07,-55.18,863,0,15.712210294340135
Halifax,Nova Scotia,Canada,44.63,-63.56,1347,0,15.791778132611215
South Sabine Point,Texas,U.S.A.,28.5,-93.67,3286,0,15.795666331391347
Singapore,Singapore,Singapore,1.47,103.83,3153,1,16.134786125630253
Hong Kong,Hong Kong,China,22.42,114.58,2407,1,16.145098997338142
Pasir Layaran,West Java,Indonesia,-7.62,122.31,186,1,16.147581359492378
Bishop Rock,England,U.K.,49.63,-6.33,408,0,16.23071431168174
Kano,Kano State,Nigeria,4.15,8.33,134,1,16.230874359820593
Bishop Rock,England,U.K.,49.95,-6.67,410,1,16.236225753467913
Pilar,Chilean Patagonia,Chile,-52.66,-74.67,2590,2,16.430922705494872
Halifax,Nova Scotia,Canada,44.64,-63.54,1072,1,16.45457208662018
Port Louis,Port Louis District,Mauritius,-20.14,57.49,2694,1,16.716360587090882
Rio de Janeiro,Rio de Janeiro,Brazil,-22.83,-43.18,2938,1,16.723751819691426
St Peter Port,Guernsey,U.K.,49.46,-2.53,3335,0,17.16585176014632
Pointe à la Hache,Louisiana,U.S.A.,29.57,-89.8,2621,1,17.225587016524507
Ras Shukheir,Red Sea Governorate,Egypt,28.14,33.3,2913,0,17.237777377027264
CFD Terminal,"China is likely referring to Dalian, Liaoning.",China,38.78,118.72,645,0,17.332932052676004
Tangshan,Hebei,China,38.78,118.72,592,0,17.332932052676004
Bishop Rock,England,U.K.,49.95,-6.8,411,1,17.37779680698239
Richards Bay,KwaZulu-Natal,South Africa,-28.8,32.06,2939,1,17.481409944874933
Bangkok,Bangkok,Thailand,13.66,100.56,3214,1,17.48147030909089
Guarujá,São Paulo,Brazil,-22.82,-43.15,934,1,17.563193926824148
Butadiene Dock Island,Brazil,Brazil,-22.82,-43.15,539,1,17.563193926824148
Torgua,Bahia,Brazil,-22.82,-43.15,3580,1,17.563193926824148
São Cristóvão,Sergipe,Brazil,-22.82,-43.15,3108,1,17.563193926824148
Rio de Janeiro,Rio de Janeiro,Brazil,-22.82,-43.15,95,1,17.563193926824148
Governo Island,Amapá,Brazil,-22.82,-43.15,1252,1,17.563193926824148
Fernando de Noronha,Pernambuco,Brazil,-22.82,-43.15,2930,1,17.563193926824148
Ilha Redonda,Rio de Janeiro.,Brazil,-22.82,-43.15,1500,1,17.563193926824148
Zeit Bay,Red Sea Governorate,Egypt,27.83,33.61,3883,0,17.565485648755967
"I cannot determine the exact best name and state for ""Red Sea Southern - S bound","Unassigned"" given the limited information and lack of a specific geographical context. To provide an accurate response, more details about the location would be necessary, such as country information or nearby cities.",Unassigned,12.6,43.33,2926,0,17.567927870547273
Tokyo,Tokyo,Japan,35.51,139.94,1672,1,17.614932005732996
Batangas City,Batangas,Philippines,13.72,121.05,328,1,17.617892473484424
Tabangao,Batangas,Philippines,13.72,121.05,3416,1,17.617892473484424
Durban,KwaZulu-Natal,South Africa,-29.88,31.04,957,1,17.632882238914398
Santa Catalina Island,California,U.S.A.,32.93,-118.0,3089,0,17.71408342857048
Port Louis,Port Louis,Mauritius,-20.15,57.49,2693,1,17.858525605167266
Nakasode,Chiba,Japan,35.46,139.97,2221,1,18.05347858937637
Woodlands,Singapore,Malaysia,1.45,103.78,3807,1,18.108022720271734
Hong Kong,Hong Kong,China,21.75,114.25,2410,0,18.114845337095623
Unalaska,Alaska,U.S.A.,53.92,-166.47,961,0,18.166701747233258
Rock Island,Illinois,U.S.A.,29.58,-89.8,2966,1,18.235009492920067
Ipojuca,Pernambuco,Brazil,-8.4,-34.96,3374,0,18.294742142990884
Suape,Pernambuco,Brazil,-8.4,-34.96,3373,0,18.294742142990884
Sunda Strait - Eastern Passage,Banten,Indonesia,-5.95,105.93,3385,1,18.308646882574898
Key West,Florida,U.S.A.,24.57,-81.8,1684,1,18.58173460491739
Bonny,Rivers,Nigeria,3.92,7.08,2379,1,18.704627589132205
Mourilyan,Queensland,Australia,-17.6,146.12,2184,1,18.707098245779157
Bohai,Shandong,China,38.24,119.7,429,0,18.711394266207705
Riau Islands,Indonesia,Indonesia,0.98,104.21,3147,0,18.716508083775246
Sodegaura,Chiba,Japan,35.47,139.97,3259,1,18.755390909035608
Rio de Janeiro,Rio de Janeiro,Brazil,-22.81,-43.15,96,1,18.77083233568017
Johor Bahru,Johor,Malaysia,1.46,103.78,1592,1,18.83909034122428
Thursday Island,Queensland,Australia,-10.58,142.22,3541,1,18.855297999287348
Rosarito,Baja California,Mexico,32.35,-117.1,2980,0,18.87954723457236
Chongqing,Chongqing,China,38.97,117.77,3440,0,19.00920785117656
Tianjin,Tianjin,China,38.97,117.77,3462,0,19.00920785117656
Suez,Egypt,Egypt,30.72,32.34,3381,0,19.014186475086717
Yucatan Channel,Unassigned,Unassigned,21.47,-85.13,3864,0,19.086432560613314
Galveston,Texas,U.S.A.,28.67,-94.13,2402,0,19.10876148061439
Saldanha Bay,Western Cape,South Africa,-33.04,17.98,3033,2,19.279179462831372
Apra,Guam,Guam,13.46,144.66,152,2,19.327995894034732
Hagåtña,Guam,Guam,13.46,144.66,1291,2,19.327995894034732
Harper,Maryland,Liberia,4.37,-7.73,605,1,19.437961180933097
Manila,Metro Manila,Philippines,14.58,120.96,2027,2,19.46906933451354
Botany Bay,New South Wales,Australia,-33.99,151.21,462,1,19.47352162115818
Port Botany,New South Wales,Australia,-33.99,151.21,2658,1,19.47352162115818
Dartmouth,Nova Scotia,Canada,44.66,-63.56,844,1,19.65495587119923
Terschellinger Bank,Friesland,Netherlands,53.48,4.6,3521,0,19.74988856863399
Kurnell,New South Wales,Australia,-34.0,151.21,1796,1,19.79108004620125
Alor Setar,Kedah,Malaysia,7.61,102.97,2191,1,19.96753527941952
Vung Tau,Ba Ria-Vung Tau,Vietnam,7.34,108.31,687,0,19.974351138409233
Koh Si Chang,Chonburi,Thailand,13.14,100.82,1746,1,19.99345456248459
Si Chang Thong Terminal,Chonburi,Thailand,13.14,100.82,3213,1,19.99345456248459
Ko Sichang,Chonburi,Thailand,13.14,100.82,1741,1,19.99345456248459
Ko Si Chang,Chonburi,Thailand,13.14,100.82,1740,1,19.99345456248459
Anyer,Banten,Indonesia,-6.06,105.88,145,1,19.997331243633393
Mokha,Taiz,Yemen,13.31,43.23,2154,0,19.998372681960717
Mocha,Taiz,Yemen,13.31,43.23,2145,0,19.998372681960717
Sattahip,Chonburi,Thailand,12.62,100.91,3122,1,20.033590400059555
Manila,Metro Manila,Philippines,14.6,120.95,2026,2,20.0425046267684
The Bulge Of Africa,Unassigned.,Unassigned,10.0,-17.0,3530,1,20.222897333492032
Rio de Janeiro,Rio de Janeiro,Brazil,-22.8,-43.12,1491,1,20.230156806527248
Selat Durian,Riau Islands,Indonesia,0.89,103.58,3145,0,20.400146806058448
Sabang,Aceh,Indonesia,5.89,95.31,3009,0,20.428402146375173
Rong Doi,Ca Mau,Vietnam,7.74,108.13,2974,0,20.456191856691493
SWP,California,U.S.A.,28.9,-89.43,3411,0,20.845675014883632
Southwest Pass,Louisiana,U.S.A.,28.9,-89.43,3289,0,20.845675014883632
Malabo,Bioko Island,Equatorial Guinea,3.79,8.73,1095,1,20.86592720329379
Punta Europa,Bioko Norte,Equatorial Guinea,3.79,8.73,2846,1,20.86592720329379
Halifax,Nova Scotia,Canada,44.66,-63.58,1346,0,20.921239043555296
Tanjung Pelepas,Johor,Malaysia,1.36,103.54,3478,0,20.92632964478094
Cabedelo,Paraíba,Brazil,-6.97,-34.84,545,0,20.969030017518154
Eket,Akwa Ibom,Nigeria,4.21,8.07,2871,1,20.972972769237252
Punta Europa,Bioko Norte,Equatorial Guinea,3.79,8.7,2847,1,21.08975341745124
Ras Gharib,Red Sea Governorate,Egypt,28.35,33.12,2908,0,21.099635416793003
Suez,Suez Governorate,Egypt,29.94,32.58,3382,0,21.202401533028233
Guangdong,Guangdong,China,22.57,114.43,1294,1,21.254145596455174
Kole,Centre,Cameroon,4.18,8.56,1752,1,21.28777421020367
Ingoya,Norway,Norway,71.26,24.0,2336,1,21.44500311282702
Tianjin,Tianjin,China,38.98,117.75,3823,0,21.61692545721135
Sodegaura,Chiba,Japan,35.47,140.0,1731,1,21.620944271053222
Vung Tau,Ba Ria-Vung Tau,Vietnam,9.97,107.97,3505,2,21.694841961302956
Skagen,Sweden,Sweden,57.73,10.63,2430,0,21.830410889439715
Castle Peak,Guangdong,China,22.36,113.92,631,2,21.85407254777455
Mailiao,Yunlin,Taiwan,23.8,120.18,1994,1,21.970650292371296
Bangkok,Bangkok,Thailand,13.7,100.55,701,1,21.973888485199815
Bangkok,Bangkok Province,Thailand,13.68,100.52,286,1,21.989485994966888
Bang Hua Sua,Chon Buri,Thailand,13.68,100.52,283,1,21.989485994966888
Bangkok,Bangkok,Thailand,13.68,100.52,1738,1,21.989485994966888
Gqeberha,Eastern Cape,South Africa,-33.96,25.64,2668,1,22.09774122094077
Zaafarana,Red Sea Governorate,Egypt,29.17,32.69,3871,0,22.105242342800963
Rio De La Plata,Buenos Aires,Argentina,-36.0,-56.5,664,1,22.128225961559725
Malabo,Bioko Norte,Equatorial Guinea,3.78,8.7,2845,1,22.202873247155587
Jakarta,Jakarta,Indonesia,-6.1,106.89,3480,1,22.21768782206464
Merak,Banten,Indonesia,-5.92,105.99,2094,1,22.24872901323769
Tanjung Sekong,Banten,Indonesia,-5.92,105.99,3481,1,22.24872901323769
La Paloma,Rocha,Uruguay,-35.0,-54.0,1816,0,22.43238226629772
Takoradi,Western Region,Ghana,4.88,-1.74,3439,1,22.43333453137785
Rio de Janeiro,Rio de Janeiro,Brazil,-22.78,-43.13,1293,1,22.4883932175066
Pozzallo,Sicily,Italy,36.72,14.85,2766,1,22.51746837647615
Manila,Metro Manila,Philippines,14.64,120.94,2025,2,22.70413092876428
Mumbai,Maharashtra,India,18.94,72.42,2376,0,22.790155580600345
Davant,Louisiana,U.S.A.,29.6,-89.84,849,1,23.03903849862584
Shizuoka,Shizuoka Prefecture,Japan,35.48,140.01,3206,1,23.278128336661574
Suez,Suez Governorate,Egypt,29.94,32.56,2725,0,23.40140588709387
Port Tewfik,Suez,Egypt,29.94,32.56,2724,0,23.40140588709387
Bozcaada,Çanakkale,Turkey,39.81,26.04,472,1,23.45716570326237
Malabo,Bioko Norte,Equatorial Guinea,3.76,8.78,2000,1,23.832204529501603
Weihai,Shandong,China,37.51,122.12,3767,0,23.882496079117644
Halifax,Nova Scotia,Canada,44.67,-63.63,1345,0,23.98188284660958
Port Klang,Selangor,Malaysia,2.95,101.3,2689,0,24.002684064827832
Cape Town,Western Cape,South Africa,-33.91,18.43,607,1,24.12032428451047
Zeit Bay,Red Sea Governorate,Egypt,27.8,33.56,3884,0,24.13541456603135
Yokkaichi,Mie,Japan,35.53,140.0,786,1,24.158118696867035
Lufeng,Guangdong,China,21.64,116.16,1959,1,24.22444264516701
Suralaya,Banten,Indonesia,-5.89,106.03,3399,1,24.29069119784275
Jakarta,Jakarta,Indonesia,-6.07,106.79,887,1,24.293518908750663
Ciwandan,Banten,Indonesia,-6.02,105.95,146,1,24.301216759535823
Lummus Island,Florida,U.S.A.,25.77,-80.14,1963,1,24.345868565788304
Fisher Island,Florida,U.S.A.,25.77,-80.14,1105,1,24.345868565788304
Miami,Florida,U.S.A.,25.77,-80.14,894,1,24.345868565788304
Si Racha,Chon Buri,Thailand,13.13,100.86,3311,1,24.464172125785797
Suez,Suez Governorate,Egypt,29.89,32.53,3380,0,24.474395977967962
Halifax,Nova Scotia,Canada,44.68,-63.6,1348,0,24.549914401694835
Prointal,Indonesia,Indonesia,-5.96,105.99,2779,1,24.58816824465244
Cilegon,Banten,Indonesia,-5.96,105.99,3473,1,24.58816824465244
Port Hueneme,California,U.S.A.,34.15,-119.21,1477,0,24.77616265576459
San Lorenzo,Guimaras,Philippines,11.97,119.31,2997,1,24.793873909723096
Douala,Littoral,Cameroon,4.04,9.68,915,1,25.001890919779964
Bonabéri,Littoral,Cameroon,4.04,9.68,437,1,25.001890919779964
Okwori Terminal,Akwa Ibom,Nigeria,3.87,6.98,2451,1,25.017031537761923
Bojonegara,Banten,Indonesia,-6.0,105.97,433,1,25.029562784974637
Banten,Banten,Indonesia,-6.0,105.97,291,1,25.029562784974637
Cigading,Banten,Indonesia,-6.0,105.97,711,1,25.029562784974637
Ceuta,Ceuta,Spain,35.89,-5.31,643,0,25.126747674410733
Grafton Passage,Queensland,Australia,-16.64,146.23,316,1,25.290073482312984
Zeit Bay,Red Sea Governorate,Egypt,27.82,33.52,3885,0,25.373478123407473
Cilegon,Banten,Indonesia,-5.99,105.98,713,1,25.39375190169707
Bima,West Nusa Tenggara,Indonesia,-5.71,107.13,398,1,25.506987208095723
Galveston,Texas,U.S.A.,29.31,-94.79,1176,0,25.545505973204236
Adıyaman,Adıyaman Province,Turkey,38.78,26.92,2264,1,25.586936691682812
Foça,İzmir,Turkey,38.78,26.92,1115,1,25.586936691682812
Midas,Eskişehir,Turkey,38.78,26.92,2102,1,25.586936691682812
Çukurova,Adana,Turkey,38.78,26.92,803,1,25.586936691682812
Habas,Manisa,Turkey,38.78,26.92,1327,1,25.586936691682812
Aliağa,İzmir,Turkey,38.78,26.92,2578,1,25.586936691682812
Nemtas,İzmir,Turkey,38.78,26.92,2265,1,25.586936691682812
Bergama,İzmir,Turkey,38.78,26.92,986,1,25.586936691682812
Akanehama,Chiba,Japan,35.66,139.99,52,1,25.605988385325084
Anegasaki,Chiba,Japan,35.5,140.02,121,1,25.637574062140388
Malabo,Bioko Norte,Equatorial Guinea,3.79,8.07,3168,1,25.790103914757353
Iyo,Wele-Nzas,Equatorial Guinea,3.79,8.07,345,1,25.790103914757353
Milford,Delaware,U.S.A.,38.95,-75.18,395,0,25.872021700457022
Bishop Rock,England,U.K.,49.72,-6.33,409,1,25.92871806010598
Grand Gulf,Mississippi,U.S.A.,29.61,-89.87,1003,1,26.269700368848937
Cochin,Kerala,India,10.0,76.0,2383,0,26.315184719053892
Espirito Santo,Espírito Santo,Brazil,-21.21,-39.74,1037,0,26.367203804221912
Pagerungan,East Java,Indonesia,-6.97,115.95,2501,1,26.38950182875668
Si Racha,Chon Buri,Thailand,13.16,100.88,3310,1,26.634699772145048
Caofeidian,Hebei,China,38.91,118.5,593,0,26.683139519761635
Port Kembla,New South Wales,Australia,-34.46,150.89,2686,1,26.801039739897565
Laem Chabang,Chonburi,Thailand,13.06,100.88,1835,1,26.8199063026481
Benchamas Terminal,Bangkok,Thailand,10.52,101.32,378,1,27.189878508229985
Port Said,Port Said,Egypt,31.26,32.32,2712,0,27.217722149624546
East Port Said,Port Said,Egypt,31.26,32.32,967,0,27.217722149624546
Galle,Southern Province,Sri Lanka,6.03,80.23,1175,0,27.36247538483633
São Vicente,Cape Verde,Cape Verde Is.,16.88,-25.01,3338,0,27.62579895957732
Porto Grande,Cape Verde,Cape Verde Is.,16.88,-25.01,2746,0,27.62579895957732
Phu My,Ba Ria-Vung Tau,Vietnam,10.51,107.01,555,2,27.693025857157245
Simon's Town,Western Cape,South Africa,-34.19,18.44,3224,0,27.82309413373826
Port Ibrahim,Egypt,Egypt,29.92,32.51,2681,0,27.862084017763863
Suez,Suez Governorate,Egypt,29.92,32.51,3378,0,27.862084017763863
Bellevue,Washington,U.S.A.,29.61,-89.89,377,1,27.89736065238135
Fort Lauderdale,Florida,U.S.A.,26.09,-80.12,1122,1,28.16500743900472
Portland,Victoria,Australia,-38.33,141.63,2739,1,28.546817066386403
Perth,Western Australia,Australia,-34.63,114.59,3408,1,28.69831212868779
Cape Leeuwin,Western Australia,Australia,-34.63,114.59,602,1,28.69831212868779
Quintero,Valparaíso,Chile,-32.75,-71.52,2878,2,28.944437694455058
Puerto Ventanas,Valparaíso,Chile,-32.75,-71.52,2825,2,28.944437694455058
Finisterre,Galicia,Spain,42.88,-10.2,1100,1,29.072683599656933
Savannah,Georgia,U.S.A.,32.08,-81.09,3124,0,29.239261476191132
Campos Basin,Rio de Janeiro,Brazil,-23.5,-41.5,2570,1,29.37858571842787
Chicago,Illinois,U.S.A.,28.81,-89.88,1808,0,29.404184833874748
Port Isabel,Texas,U.S.A.,28.09,-93.02,997,0,29.453848346284058
Port Lavaca,Texas,U.S.A.,28.09,-93.02,1308,0,29.453848346284058
Suez,Suez Governorate,Egypt,29.88,32.48,3377,0,29.52165886354611
Adabiyah,Suez,Egypt,29.88,32.48,24,0,29.52165886354611
Perth Amboy,New Jersey,U.S.A.,40.51,-74.26,2572,0,29.57755063210072
Aguadilla,Puerto Rico,Puerto Rico,18.43,-67.16,43,0,29.599445341420573
Rabaul,East New Britain,Papua New Guinea,-4.2,152.16,2885,2,29.80893191584132
Suez,Suez Governorate,Egypt,29.92,32.49,3379,0,29.956428863658267
Cai Mep,Bà Rịa-Vũng Tàu,Vietnam,10.53,107.02,554,2,30.06291816181319
Padangbai,Bali,Indonesia,-8.53,115.51,2500,1,30.096500442831122
Port Reading,New Jersey,U.S.A.,40.56,-74.23,2708,0,30.14590974347563
Balabac,Palawan,Philippines,7.96,117.22,248,1,30.14654426877437
Windward Passage,Unassigned,Unassigned,19.83,-74.0,3803,0,30.17274223814413
Aliağa,İzmir,Turkey,38.83,26.91,85,1,30.188628880838667
Jeddah,Makkah,Saudi Arabia,21.39,39.09,2411,0,30.19755016571326
Albany,Western Australia,Australia,-35.5,118.0,3407,1,30.30106809764704
Harlem,New York,U.S.A.,29.62,-89.91,1376,1,30.418169494913148
Boynton Beach,Florida,U.S.A.,40.54,-74.25,471,0,30.431916363797445
Sewaren,NJ,U.S.A.,40.54,-74.25,3176,0,30.431916363797445
Savannah,Georgia,U.S.A.,32.09,-80.99,1000,0,30.5099104804242
Kochi,Kerala,India,10.0,76.04,733,0,30.53524790027216
Palm Beach,Florida,U.S.A.,26.77,-80.05,2510,1,30.53743261841098
Cape Horn,Magallanes Region,Chile,-56.15,-67.22,601,2,30.651401801410106
Ruby Princess,Vietnam,Vietnam,10.38,108.5,2998,2,30.680543258877876
Ruby Princess FPSO,Vietnam,Vietnam,10.38,108.5,2999,2,30.680543258877876
Damietta,Damietta,Egypt,31.47,31.76,831,0,30.7071415573721
Tantawan Explorer,Thailand,Thailand,10.12,101.45,3488,1,30.7572321939437
Polvo Terminal,Rio de Janeiro,Brazil,-23.08,-41.01,2632,1,30.809868181120653
Labuan Amuk,Bali,Indonesia,-8.51,115.51,1832,1,30.819707003745677
Mangis,Bali,Indonesia,-8.51,115.51,2022,1,30.819707003745677
Quoins,Iran,Iran,26.56,56.52,2880,0,30.901851363786182
Arthur Kill,New York,U.S.A.,40.56,-74.24,167,0,31.05059640968379
Ba Ria,Ba Ria-Vung Tau,Vietnam,10.54,107.03,3456,2,31.30704537455206
Carteret,New Jersey,U.S.A.,40.59,-74.21,624,0,31.330049634338675
Motril,Andalusia,Spain,36.72,-3.53,2181,0,31.531306629474194
Fugloy Bank,Norway,Norway,70.39,18.34,2335,1,31.557689420233626
Healdton,Oklahoma,U.S.A.,29.13,-94.17,1395,0,31.56035192529331
Port Antonio,Portland,Jamaica,18.18,-76.46,2651,1,31.561558595370595
Rønne,Capital Region,Denmark,55.09,14.69,2975,0,31.772559580137575
San Francisco,California,U.S.A.,37.81,-122.39,3057,2,31.852904240895494
Bayonne,New Jersey,U.S.A.,40.65,-74.08,336,0,31.94293245120197
Shenzhen,Guangdong,China,22.44,113.88,3196,2,32.20553539805435
Palawan,Palawan,Philippines,11.53,119.1,2003,1,32.432909697955225
Munganno Point,New South Wales,Australia,-37.07,149.93,2197,1,32.43813428589136
Eden,New South Wales,Australia,-37.07,149.93,981,1,32.43813428589136
Snug,Tasmania,Australia,-37.07,149.93,3257,1,32.43813428589136
Shenzhen,Guangdong,China,22.46,113.9,3188,2,33.04413172700883
Aliağa,İzmir,Turkey,38.83,26.95,84,1,33.145138783404235
Touros,Rio Grande do Norte,Brazil,-4.78,-34.91,597,1,33.21510740540808
Phu My,Ba Ria-Vung Tau,Vietnam,10.56,107.01,2761,2,33.322399197312734
Lucinda,Queensland,Australia,-18.52,146.39,1958,1,33.365269853827115
Port Klang,Selangor,Malaysia,2.99,101.39,2685,0,33.38299452947431
Brooklyn,New York,U.S.A.,40.71,-73.98,3749,1,33.39987635824953
Brooklyn,New York,U.S.A.,40.72,-73.97,2266,1,33.482906385493685
Phoenix,Arizona,U.S.A.,29.64,-89.93,2586,1,33.77807971475368
Quoin Island,Muscat,Oman,26.59,56.52,2879,0,33.79862375886461
Vũng Tàu,Bà Rịa-Vũng Tàu,Vietnam,10.42,108.39,3369,2,33.8813034768698
Cairns,Queensland,Australia,-16.93,145.78,556,1,33.89620189034558
Funabashi,Chiba,Japan,35.59,140.09,1162,1,33.980890710296514
Chiba,Chiba,Japan,35.59,140.09,684,1,33.980890710296514
Ensenada,Baja California,Mexico,31.99,-116.86,788,0,33.99654883441548
Shenzhen,Guangdong,China,22.47,113.9,3187,2,34.09374317908127
Dover,England,U.K.,50.97,1.52,917,0,34.14994917593415
Chiwan,Guangdong,China,22.46,113.88,700,2,34.20112591590211
Gulfmex No 1,Texas,U.S.A.,28.0,-89.5,1316,0,34.233356780573196
Brooklyn,New York,U.S.A.,40.7,-74.0,499,1,34.33631203721897
Cockburn Harbour,Turks and Caicos Islands,Turks and Caicos Is.,21.47,-71.15,735,0,34.389270674275224
Grand Turk,Turks and Caicos Islands,Turks and Caicos Is.,21.47,-71.15,1255,0,34.389270674275224
Kaohsiung,Taiwan,Taiwan,22.81,120.2,3867,1,34.4726597025615
Brooklyn,New York,U.S.A.,40.69,-74.01,498,1,34.48923221714433
Port Klang,Selangor,Malaysia,3.03,101.35,2690,0,34.501917695303185
Bayonne,New Jersey,U.S.A.,40.65,-74.15,385,0,34.6368371508892
Kijang,Riau Islands,Indonesia,0.85,104.61,1706,2,34.64519664404318
Bintan Island,Riau Islands,Indonesia,0.85,104.61,399,2,34.64519664404318
Sungai Kolak,Banten,Indonesia,0.85,104.61,3389,2,34.64519664404318
Tangier,Tangier-Tetouan-Al Hoceima,Morocco,35.79,-5.8,3460,1,34.96049204966334
Linden,New York,U.S.A.,40.63,-74.2,1905,0,35.05342868650277
Bayway,New Jersey,U.S.A.,40.63,-74.2,350,0,35.05342868650277
Taichung,Taichung,Taiwan,24.28,120.52,3431,1,35.118002127524
El Segundo,California,U.S.A.,33.87,-118.5,998,0,35.17100022775118
Almeria,Andalusia,Spain,36.83,-2.47,91,0,35.25433520172983
New Jersey,New Jersey,U.S.A.,40.7,-74.01,2275,1,35.26533390471252
Elizabeth,New Jersey,U.S.A.,40.7,-74.01,1005,1,35.26533390471252
Bayonne,New Jersey,U.S.A.,40.7,-74.01,334,1,35.26533390471252
Manhattan,New York,U.S.A.,40.7,-74.01,2024,1,35.26533390471252
New York,NY,U.S.A.,40.7,-74.01,2280,1,35.26533390471252
Bonga Terminal,Delta State.,Nigeria,4.57,4.63,439,1,35.410196917778755
Honningsvåg,Finnmark,Norway,71.67,25.8,2316,1,35.42690961579889
Al Shuaibah,Makkah Province,Saudi Arabia,20.62,39.55,3207,0,35.5161992141339
Staten Island,New York,U.S.A.,40.64,-74.19,1462,0,35.60689653021675
Abbot Point,Queensland,Australia,-19.86,148.09,8,1,35.83610683670789
Newcastle,New South Wales,Australia,-32.89,151.77,2282,1,35.99025362932691
Ain Sokhna,Suez,Egypt,29.58,32.41,63,0,36.01744391404618
Ain Sukhna,Suez,Egypt,29.58,32.41,45,0,36.01744391404618
Manta,Manabí,Ecuador,-0.93,-80.72,2028,2,36.02409025115186
Offshore Kattegat No.2,Denmark,Denmark,57.12,10.78,2416,0,36.09258462391212
Laeso,North Denmark Region,Denmark,57.27,10.71,2992,0,36.20956409508763
New York,New York,U.S.A.,40.79,-73.89,1266,1,36.23762914762404
Port,Réunion,Reunion,-20.93,55.32,2671,1,36.29512292157268
Reunion,Reunion,Reunion,-20.93,55.32,2933,1,36.29512292157268
Myrtle Grove,Louisiana,U.S.A.,29.65,-89.95,2208,1,36.299377108109596
Texas City,Texas,U.S.A.,29.38,-94.89,3523,0,36.53577105430157
Offshore Thailand No.1,Thailand,Thailand,12.0,100.48,2431,2,36.62373133514435
Vung Tau,Ba Ria-Vung Tau,Vietnam,10.59,107.03,307,2,36.93696769550422
Phu My,Ba Ria-Vung Tau,Vietnam,10.59,107.03,2587,2,36.93696769550422
Devonport,Auckland,New Zealand,-36.84,174.77,871,2,37.061998444548585
Auckland,Auckland,New Zealand,-36.84,174.77,202,2,37.061998444548585
Laeso,Denmark,Denmark,57.27,10.7,2993,0,37.289795824833455
Cherbourg-en-Cotentin,Normandy,France,49.65,-1.61,677,0,37.33554592383361
Bonny,Rivers,Nigeria,4.42,7.13,443,1,37.35059600473922
Bonny,Rivers State,Nigeria,4.42,7.13,444,1,37.35059600473922
Shenzhen,Guangdong,China,38.25,119.16,544,0,37.421274317908285
José Ignacio,Maldonado,Uruguay,-34.9,-54.71,1597,0,37.69203628338464
Holyrood,Newfoundland and Labrador,Canada,47.4,-53.13,1439,0,37.7941115060065
Quoins,Hormozgan,Iran,26.63,56.52,2881,0,37.89090423014629
Kaohsiung,Taiwan,Taiwan,22.53,120.22,2414,1,37.95639884912393
Monsecour,South Carolina,U.S.A.,29.66,-89.96,2166,1,37.978714493031724
Hong Kong,Hong Kong,China,21.5,114.0,2408,0,38.000352297093514
Terschelling,Friesland,Netherlands,53.39,4.69,3520,0,38.04369316324681
Port Wentworth,Georgia,U.S.A.,32.14,-81.14,2731,0,38.251615466487635
Port Morris,New York,U.S.A.,40.8,-73.91,2698,1,38.572934018664675
Port Elizabeth,New Jersey,U.S.A.,40.68,-74.15,2669,0,38.62978056477215
Burbridge,N.D.,U.S.A.,29.67,-89.96,529,1,38.82960676564199
Jeddah,Makkah,Saudi Arabia,21.44,39.15,1574,0,38.83218519305961
Puerto del Rosario,Fuerteventura,Spain,28.5,-13.86,2800,1,39.130715787832635
Cape of Good Hope,Western Cape,South Africa,-34.7,18.12,604,1,39.2132308165179
Port Klang,Selangor,Malaysia,3.11,101.31,2688,0,39.28217808592654
Mawan,Guangdong,China,22.5,113.86,2072,2,39.46343150781924
Ferryland,Newfoundland and Labrador,Canada,47.02,-52.87,1097,0,39.6014976322794
Hoboken,New Jersey,U.S.A.,40.74,-74.02,1429,1,39.63021957723728
Carlisle,Pennsylvania,U.S.A.,29.68,-89.96,618,1,39.70369519630346
Seville,Andalusia,Spain,36.71,-4.42,3006,0,39.79797230858995
Malaga,Andalusia,Spain,36.71,-4.42,2002,0,39.79797230858995
Jeddah,Makkah Province,Saudi Arabia,21.46,39.15,1572,0,39.8901165686416
Lan Shui Terminal,Guangdong,China,20.89,115.69,1847,2,40.00636242624576
Guangzhou,Guangdong,China,20.89,115.69,1917,2,40.00636242624576
Puo Marine Terminal,Riau Islands,Indonesia,-6.83,115.94,2857,1,40.14994526225521
Warri,Delta State,Nigeria,4.4,7.83,2448,1,40.34522763306878
Florida Strait,Florida,U.S.A.,27.5,-79.5,1109,0,40.4835681517066
Chí Linh,Hải Dương,Vietnam,9.8,107.99,683,2,40.55914456777345
Hanoi,Hanoi,Vietnam,9.8,107.99,223,2,40.55914456777345
Vung Tau,Ba Ria-Vung Tau,Vietnam,9.8,107.99,225,2,40.55914456777345
Los Angeles,California,U.S.A.,33.73,-118.25,1946,0,40.65106984292008
Yali Island,South Aegean,Greece,36.66,27.13,3826,1,40.67907962417671
Mona Passage,Unassigned,Unassigned,18.05,-67.62,2157,0,40.91009558270127
Newark,New Jersey,U.S.A.,40.7,-74.14,2281,0,40.937230053187214
La Libertad,Santa Elena,Ecuador,-2.18,-80.91,1811,2,41.07394576813283
Ain Sukhna,Suez,Egypt,29.65,32.36,46,0,41.12191484637635
Montevideo,Montevideo,Uruguay,-34.9,-56.21,2168,0,41.244326403572956
Shanghai,Shanghai,China,30.62,122.06,3838,2,41.34698557382825
Alliance,Ohio,U.S.A.,29.69,-89.97,89,1,41.39405906429102
Jeddah,Makkah,Saudi Arabia,21.49,39.15,2924,0,41.4772858945113
Kearny,New Jersey,U.S.A.,40.71,-74.12,1670,0,41.61725420667802
Milos,South Aegean,Greece,36.72,24.45,2114,1,41.872197367608585
Adamas,Milos,Greece,36.72,24.45,26,1,41.872197367608585
Voudhia Bay,Crete,Greece,36.72,24.45,3737,1,41.872197367608585
Los Angeles,California,U.S.A.,32.0,-119.33,3657,2,41.88732027243733
Santa Catalina Gulf No. 2,Texas,U.S.A.,32.0,-119.33,3088,2,41.88732027243733
Jeddah,Makkah Region,Saudi Arabia,21.48,39.16,1573,0,41.94659989568944
Ngqura,Eastern Cape,South Africa,-33.8,25.69,2289,1,42.038738748403674
Coega,Eastern Cape,South Africa,-33.8,25.69,739,1,42.038738748403674
Bonny,Rivers,Nigeria,3.72,6.93,2377,1,42.08707050977018
Oakland,California,U.S.A.,37.79,-122.27,2359,2,42.31962314816241
Huizhou,Guangdong,China,22.69,114.57,853,1,42.33716829956272
Anewa Bay,Autonomous Region of Bougainville,Papua New Guinea,-6.19,155.55,122,1,42.41983212019498
Mumbai,Maharashtra,India,18.92,72.87,436,0,42.59205589412674
Pingtung City,Pingtung,Taiwan,22.48,120.26,3445,1,42.63061853152965
Tindalo Marine Terminal,Palawan,Philippines,11.07,118.91,3556,1,43.13207576414159
Dakar,Dakar,Senegal,14.67,-18.37,2391,1,43.216657929688886
Cilacap,Central Java,Indonesia,-7.75,109.01,712,1,43.267223237700016
Hanko,Uusimaa,Finland,59.81,22.91,1369,0,43.52893700366584
Tulear,Anosy,Madagascar,-25.06,47.0,988,1,43.56092687955705
Geoje,South Gyeongsang,South Korea,34.52,128.42,2449,0,43.61037474971909
Rio De La Plata,Buenos Aires,Argentina,-35.53,-56.54,481,0,43.79623951148642
Belida Terminal,South Sumatra,Indonesia,4.22,105.05,369,2,43.95319986716467
Map Ta Phut,Rayong,Thailand,12.48,101.2,2034,1,43.96717167755231
Bonito,Mato Grosso do Sul,Brazil,-22.73,-40.72,442,0,43.97311235773545
Bicudo,Minas Gerais,Brazil,-22.73,-40.72,392,0,43.97311235773545
Assab,Debubawi Keyih Bahri,Eritrea,13.0,42.75,194,0,44.09481041324794
East London,Eastern Cape,South Africa,-33.03,27.91,966,1,44.189643124541455
Marsden Point,Northland,New Zealand,-35.83,174.5,2055,1,44.52807571736907
Selat Ombai,Nusa Tenggara Timor,Indonesia,-8.25,125.32,190,1,44.55521136516007
Edgewater,New York,U.S.A.,40.82,-73.97,983,1,44.57647684718107
Richmond,California,U.S.A.,37.92,-122.36,2941,2,44.85406892214211
Carboneras,Almería,Spain,36.97,-1.9,614,0,44.88537772984808
Los Angeles,California,U.S.A.,33.75,-118.22,1945,0,44.890682462841475
Shantou,Guangdong,China,23.2,116.78,3183,0,45.007046210794314
Frederikshavn,North Jutland,Denmark,57.44,10.55,1142,0,45.019260800675504
Ushant,Brittany,France,48.78,-5.62,3658,0,45.16626859566471
Zhoushan,Zhejiang,China,29.75,122.15,1916,1,45.238461046526524
Yantai,Shandong,China,37.56,121.39,672,0,45.278143959109066
Penglai,Shandong,China,37.78,120.63,2563,0,45.36619691617413
Long Beach,California,U.S.A.,33.74,-118.2,1935,0,45.446562351991936
Puerto Tarafa,Camagüey,Cuba,21.57,-77.24,2824,1,45.462082536644736
Nuevitas,Camagüey,Cuba,21.57,-77.24,2345,1,45.462082536644736
Tarafa,Sancti Spíritus,Cuba,21.57,-77.24,3491,1,45.462082536644736
Long Beach,California,U.S.A.,33.76,-118.22,1947,0,45.863912016507655
Port Fourchon,Louisiana,U.S.A.,29.12,-90.21,2673,0,46.10074728823362
Map Ta Phut,Rayong,Thailand,12.66,101.15,2033,1,46.51060862253751
Geoje,Gyeongsangnam-do,South Korea,34.83,128.74,1678,0,46.517269271403684
Bel Air,Maryland,U.S.A.,29.73,-89.99,364,1,46.60330113915358
Kaohsiung,Kaohsiung,Taiwan,22.58,120.3,1642,1,46.63115667638466
Budai Township,Chiayi County,Taiwan,22.58,120.3,508,1,46.63115667638466
Magong,Penghu County,Taiwan,22.58,120.3,1990,1,46.63115667638466
Arrecife,Las Palmas,Spain,28.97,-13.53,166,1,47.06599019592807
Chesapeake,Virginia,U.S.A.,36.84,-76.29,679,2,47.09038684580966
Portsmouth,Virginia,U.S.A.,36.84,-76.29,2759,2,47.09038684580966
Norfolk,Virginia,U.S.A.,36.84,-76.29,1006,2,47.09038684580966
Langsa,Aceh,Indonesia,5.31,98.04,1851,0,47.104194908438835
Port Esquivel,Jamaica,Jamaica,17.89,-77.13,2670,1,47.18241251416569
Jorf Lasfar,El Jadida Province,Morocco,33.13,-8.64,1595,1,47.35984157106269
Olongapo,Zambales,Philippines,14.81,120.29,2457,1,47.428026127897496
Subic Bay,Zambales,Philippines,14.81,120.29,3376,1,47.428026127897496
Bawean,East Java,Indonesia,-5.51,112.0,187,1,47.523130603718286
Huizhou,Guangdong,China,22.67,114.66,854,1,47.56616674256742
Songkhla,Songkhla Province,Thailand,9.66,101.47,2609,1,48.19629792683498
Pemalang,Central Java,Indonesia,-4.7,106.71,3797,1,48.32344422141203
Busan,South Korea,South Korea,35.11,129.06,1180,0,48.34715007372494
Busan,South Gyeongsang,South Korea,35.11,129.06,536,0,48.34715007372494
Port Moresby,National Capital District,Papua New Guinea,-9.48,147.15,2697,1,48.42675248169358
Great Barrier Reef,Queensland,Australia,-18.21,147.12,318,1,48.4897057517331
Gela,Sicily,Italy,37.01,14.24,1202,1,48.68863030724669
Mumbai,Maharashtra,India,18.96,72.91,540,0,48.77345823429674
Bizerte,Bizerte Governorate,Tunisia,37.28,9.89,413,0,48.90591295420233
Kupang,East Nusa Tenggara,Indonesia,-10.16,123.57,1794,1,49.12233358518346
Navi Mumbai,Maharashtra,India,18.95,72.94,1567,0,49.17630827639605
Nhava Sheva,Maharashtra,India,18.95,72.94,2291,0,49.17630827639605
San Pedro,Bas-Sassandra,Ivory Coast,4.74,-6.61,3072,1,49.21209224041704
Guangzhou,Guangdong,China,20.85,114.71,2523,2,49.3269732957194
Port Moresby,Central Province,Papua New Guinea,-9.46,147.12,2246,1,49.44068397552352
Longships,England,U.K.,50.07,-6.0,1940,1,49.44926798759799
Puerto Padre,Las Tunas,Cuba,21.24,-76.54,2814,1,49.804369670627956
